,polynomial degree,MSE Bootstrap,MSE Kfold-crossvalidation,MSE Kfold-crossvalidation Ridge
0,2,0.030320286101471628,0.024182447909133046,0.025762779741077883
1,3,0.026359217395445785,0.01910821092100448,0.018777630389714743
2,4,0.028684703433026267,0.018897886941675116,0.017184097032453008
3,5,0.060333294379796516,0.011978119799672032,0.01985229279847318
4,6,0.2577337140979492,0.012846108159732915,0.01668076310541995
5,7,1.8250837497796224,0.01983205533488037,0.0151356952761886
