,polynomial degree,MSE Bootstrap,MSE Kfold-crossvalidation
0,1,0.0312092660012046,0.027991671948524616
1,2,0.031086419978771273,0.025532866337474515
2,3,0.02616129422187922,0.02250714954893554
3,4,0.03247089179915545,0.028573391060604716
4,5,0.039191617320621895,0.0089452154387582
