,polynomial degree,MSE Bootstrap,MSE Kfold-crossvalidation
0,1,0.0312092660012046,0.02653440773851481
1,2,0.031086419978771273,0.023445941524071746
2,3,0.02616129422187922,0.019586806125759408
3,4,0.03247089179915545,0.02941192982670346
4,5,0.039191617320621895,0.009844000137644712
