,polynomial degree,MSE Bootstrap,MSE Kfold-crossvalidation,MSE Kfold-crossvalidation Ridge
0,2,0.030320286101471628,0.02495373696522031,0.023407975661195804
1,3,0.026359217395445785,0.018981903264361992,0.019693837576756277
2,4,0.028684703433026267,0.018299742374309154,0.017876514958654523
3,5,0.060333294379796516,0.011509616925401383,0.016823685603100325
4,6,0.2577337140979492,0.010593858456299919,0.01901423274371093
5,7,1.8250837497796224,0.025440752573282193,0.01658438452678308
