,polynomial degree,MSE Bootstrap,MSE Kfold-crossvalidation
0,1,0.0312092660012046,0.02718537138703256
1,2,0.031086419978771273,0.022983345340812283
2,3,0.02616129422187922,0.018835150921210044
3,4,0.03247089179915545,0.01907189245293562
4,5,0.039191617320621895,0.010410641827744212
