,polynomial degree,MSE Bootstrap,MSE Kfold-crossvalidation
0,4,0.025950140887625935,0.01892976750401553
1,5,0.08870799032158606,0.016714546503435724
