# 0alpha 0.05eta,0alpha 0.01eta,1alpha 0.05eta,1alpha 0.01eta,10alpha 0.05eta,10alpha 0.01eta,
5.530868164062500227e+02,1.258975048828124955e+03,5.530739135742187500e+02,1.258975488281249909e+03,5.530085205078124773e+02,1.258967065429687409e+03
1.991451782226562557e+02,1.030234619140625000e+03,1.991431915283203011e+02,1.030235620117187409e+03,1.990784423828125114e+02,1.030241357421874909e+03
7.219073028564453409e+01,8.430582031249999773e+02,7.221613922119141193e+01,8.430594726562500227e+02,7.213393707275390909e+01,8.430546386718749545e+02
2.814797210693359375e+01,6.899188110351562955e+02,2.818696441650390483e+01,6.899191040039062273e+02,2.816411666870117259e+01,6.899190429687499773e+02
1.540955085754394460e+01,5.646247680664062045e+02,1.548940582275390554e+01,5.646241455078125000e+02,1.547819805145263672e+01,5.646212036132812955e+02
