# 0alpha 0.05eta,0alpha 0.01eta,1alpha 0.05eta,1alpha 0.01eta,10alpha 0.05eta,10alpha 0.01eta,
5.531045288085937273e+02,1.258989038085937409e+03,5.530791870117187727e+02,1.258989550781250045e+03,5.530408447265624545e+02,1.258986376953125045e+03
1.991596221923828125e+02,1.030241357421874909e+03,1.991398406982421818e+02,1.030242333984374909e+03,1.991213378906250000e+02,1.030244775390624909e+03
7.198812103271484375e+01,8.430698974609374545e+02,7.199728698730469034e+01,8.430711303710937727e+02,7.199823150634765057e+01,8.430690063476562273e+02
2.741494522094726705e+01,6.899449829101562273e+02,2.744174842834472727e+01,6.899457031250000227e+02,2.747510986328125071e+01,6.899387573242187273e+02
1.412333545684814418e+01,5.646634887695312273e+02,1.416339569091796946e+01,5.646639526367187045e+02,1.420998172760009837e+01,5.646532348632812273e+02
